{
  "0x8029d8dec5d420c24a244658aab8282fef401308": {
    "address": "0x8029d8dec5d420c24a244658aab8282fef401308",
    "name": "GameFiNewNU",
    "tested": true,
    "whitelisted": false,
    "deviation": 0,
    "totalProfitsRealised": 0,
    "totalBnbBought": 0,
    "liquidity": 53.03703826459537,
    "manuallyDisabled": false
  },
  "0x64619f611248256f7f4b72fe83872f89d5d60d64": {
    "address": "0x64619f611248256f7f4b72fe83872f89d5d60d64",
    "name": "QUINT",
    "tested": true,
    "whitelisted": false,
    "deviation": 0,
    "totalProfitsRealised": 0,
    "totalBnbBought": 0,
    "liquidity": 1171.543747375273,
    "manuallyDisabled": false
  },
  "0x99c41952e7304d760ff77c5475178db8587a8654": {
    "address": "0x99c41952e7304d760ff77c5475178db8587a8654",
    "name": " Poge Inu ",
    "tested": true,
    "whitelisted": false,
    "deviation": 0,
    "totalProfitsRealised": 0,
    "totalBnbBought": 0,
    "liquidity": 3.0396143437801024,
    "manuallyDisabled": false
  },
  "0x90ed8f1dc86388f14b64ba8fb4bbd23099f18240": {
    "address": "0x90ed8f1dc86388f14b64ba8fb4bbd23099f18240",
    "name": "Singularity Dao",
    "tested": true,
    "whitelisted": false,
    "deviation": 0.4993751,
    "totalProfitsRealised": 0,
    "totalBnbBought": 0,
    "liquidity": 492.09659342831185,
    "manuallyDisabled": false
  },
  "0xe9e7cea3dedca5984780bafc599bd69add087d56": {
    "address": "0xe9e7cea3dedca5984780bafc599bd69add087d56",
    "name": "BUSD Token",
    "tested": true,
    "whitelisted": false,
    "deviation": 0.4952514,
    "totalProfitsRealised": 0,
    "totalBnbBought": 0,
    "liquidity": 291854.24101290887,
    "manuallyDisabled": false
  },
  "0x4c403b1879aa6a79ba9c599a393ccc5d9fd2e788": {
    "address": "0x4c403b1879aa6a79ba9c599a393ccc5d9fd2e788",
    "name": "Artificial Intelligence",
    "tested": true,
    "whitelisted": false,
    "deviation": 0,
    "totalProfitsRealised": 0,
    "totalBnbBought": 0,
    "liquidity": 14.34732506223365,
    "manuallyDisabled": false
  },
  "0x0bf3bacaf2442ecb7545709960056dbde23fd674": {
    "address": "0x0bf3bacaf2442ecb7545709960056dbde23fd674",
    "name": "Automated Income Machine",
    "tested": true,
    "whitelisted": false,
    "deviation": 0,
    "totalProfitsRealised": 0,
    "totalBnbBought": 0,
    "liquidity": 23.465295275016715,
    "manuallyDisabled": false
  }
}